"Epic","Feature","Story","FAILED","BROKEN","PASSED","SKIPPED","UNKNOWN"
"Webcalculator","Math Operations","Division","0","0","6","0","0"
"Webcalculator","Application","","0","0","7","0","0"
"Webcalculator","API","Addition","0","0","16","0","0"
"Webcalculator","Math Operations","Reminder","0","0","6","0","0"
"Webcalculator","Math Operations","Multiplication","0","0","9","0","0"
"Webcalculator","API","Division","0","0","19","0","0"
"Webcalculator","API","Multiplication","0","0","16","0","0"
"Webcalculator","API","Reminder","0","0","19","0","0"
"Webcalculator","API","State","0","0","2","0","0"
"Webcalculator","Math Operations","Addition","0","0","9","0","0"
"Webcalculator","API","Options","0","0","1","0","0"
